millis,stamp,datetime,motion
999, 1535984382, 2018/9/3 14:19:42, Inactive
1999, 1535984383, 2018/9/3 14:19:43, Inactive
2999, 1535984384, 2018/9/3 14:19:44, Inactive
3998, 1535984385, 2018/9/3 14:19:45, Active
4999, 1535984386, 2018/9/3 14:19:46, Active
5999, 1535984387, 2018/9/3 14:19:47, Active
6999, 1535984388, 2018/9/3 14:19:48, Active
7999, 1535984389, 2018/9/3 14:19:49, Active
8999, 1535984390, 2018/9/3 14:19:50, Active
9999, 1535984391, 2018/9/3 14:19:51, Active
10998, 1535984392, 2018/9/3 14:19:52, Active
11999, 1535984393, 2018/9/3 14:19:53, Active
12999, 1535984394, 2018/9/3 14:19:54, Active
13999, 1535984395, 2018/9/3 14:19:55, Inactive
14999, 1535984396, 2018/9/3 14:19:56, Inactive
16000, 1535984397, 2018/9/3 14:19:57, Inactive
16999, 1535984398, 2018/9/3 14:19:58, Inactive
17999, 1535984399, 2018/9/3 14:19:59, Inactive
18999, 1535984400, 2018/9/3 14:20:0, Active
19999, 1535984401, 2018/9/3 14:20:1, Active
20999, 1535984402, 2018/9/3 14:20:2, Active
21998, 1535984403, 2018/9/3 14:20:3, Active
23000, 1535984404, 2018/9/3 14:20:4, Active
23999, 1535984405, 2018/9/3 14:20:5, Active
24998, 1535984406, 2018/9/3 14:20:6, Active
25999, 1535984407, 2018/9/3 14:20:7, Active
26999, 1535984408, 2018/9/3 14:20:8, Active
27999, 1535984409, 2018/9/3 14:20:9, Active
28998, 1535984410, 2018/9/3 14:20:10, Active
30000, 1535984411, 2018/9/3 14:20:11, Active
30999, 1535984412, 2018/9/3 14:20:12, Active
32000, 1535984413, 2018/9/3 14:20:13, Active
32999, 1535984414, 2018/9/3 14:20:14, Inactive
33999, 1535984415, 2018/9/3 14:20:15, Inactive
34999, 1535984416, 2018/9/3 14:20:16, Inactive
35999, 1535984417, 2018/9/3 14:20:17, Inactive
36999, 1535984418, 2018/9/3 14:20:18, Inactive
37999, 1535984419, 2018/9/3 14:20:19, Inactive
38999, 1535984420, 2018/9/3 14:20:20, Inactive
39999, 1535984421, 2018/9/3 14:20:21, Inactive
40999, 1535984422, 2018/9/3 14:20:22, Inactive
41999, 1535984423, 2018/9/3 14:20:23, Inactive
42999, 1535984424, 2018/9/3 14:20:24, Inactive
43998, 1535984425, 2018/9/3 14:20:25, Inactive
44999, 1535984426, 2018/9/3 14:20:26, Inactive
45999, 1535984427, 2018/9/3 14:20:27, Inactive
46999, 1535984428, 2018/9/3 14:20:28, Inactive
48000, 1535984429, 2018/9/3 14:20:29, Inactive
48999, 1535984430, 2018/9/3 14:20:30, Inactive
49999, 1535984431, 2018/9/3 14:20:31, Inactive
50999, 1535984432, 2018/9/3 14:20:32, Inactive
51999, 1535984433, 2018/9/3 14:20:33, Inactive
52999, 1535984434, 2018/9/3 14:20:34, Inactive
53999, 1535984435, 2018/9/3 14:20:35, Inactive
54999, 1535984436, 2018/9/3 14:20:36, Inactive
55999, 1535984437, 2018/9/3 14:20:37, Inactive
56999, 1535984438, 2018/9/3 14:20:38, Inactive
57999, 1535984439, 2018/9/3 14:20:39, Inactive
58999, 1535984440, 2018/9/3 14:20:40, Inactive
59999, 1535984441, 2018/9/3 14:20:41, Inactive
60999, 1535984442, 2018/9/3 14:20:42, Inactive
62000, 1535984443, 2018/9/3 14:20:43, Inactive
62999, 1535984444, 2018/9/3 14:20:44, Inactive
64000, 1535984445, 2018/9/3 14:20:45, Inactive
64999, 1535984446, 2018/9/3 14:20:46, Inactive
65999, 1535984447, 2018/9/3 14:20:47, Inactive
66999, 1535984448, 2018/9/3 14:20:48, Inactive
67999, 1535984449, 2018/9/3 14:20:49, Inactive
68999, 1535984450, 2018/9/3 14:20:50, Inactive
69999, 1535984451, 2018/9/3 14:20:51, Inactive
70999, 1535984452, 2018/9/3 14:20:52, Inactive
71999, 1535984453, 2018/9/3 14:20:53, Inactive
72999, 1535984454, 2018/9/3 14:20:54, Inactive
73999, 1535984455, 2018/9/3 14:20:55, Inactive
74999, 1535984456, 2018/9/3 14:20:56, Inactive
75999, 1535984457, 2018/9/3 14:20:57, Active
76999, 1535984458, 2018/9/3 14:20:58, Active
78000, 1535984459, 2018/9/3 14:20:59, Active
78999, 1535984460, 2018/9/3 14:21:0, Active
80000, 1535984461, 2018/9/3 14:21:1, Active
80999, 1535984462, 2018/9/3 14:21:2, Active
81998, 1535984463, 2018/9/3 14:21:3, Active
82998, 1535984464, 2018/9/3 14:21:4, Active
83999, 1535984465, 2018/9/3 14:21:5, Active
84999, 1535984466, 2018/9/3 14:21:6, Inactive
85999, 1535984467, 2018/9/3 14:21:7, Inactive
86999, 1535984468, 2018/9/3 14:21:8, Inactive
87999, 1535984469, 2018/9/3 14:21:9, Inactive
88999, 1535984470, 2018/9/3 14:21:10, Inactive
89998, 1535984471, 2018/9/3 14:21:11, Inactive
90999, 1535984472, 2018/9/3 14:21:12, Inactive
91999, 1535984473, 2018/9/3 14:21:13, Inactive
92999, 1535984474, 2018/9/3 14:21:14, Inactive
94000, 1535984475, 2018/9/3 14:21:15, Inactive
94999, 1535984476, 2018/9/3 14:21:16, Inactive
96000, 1535984477, 2018/9/3 14:21:17, Inactive
96999, 1535984478, 2018/9/3 14:21:18, Inactive
97999, 1535984479, 2018/9/3 14:21:19, Inactive
98999, 1535984480, 2018/9/3 14:21:20, Inactive
99999, 1535984481, 2018/9/3 14:21:21, Inactive
100999, 1535984482, 2018/9/3 14:21:22, Inactive
101999, 1535984483, 2018/9/3 14:21:23, Inactive
102999, 1535984484, 2018/9/3 14:21:24, Inactive
103999, 1535984485, 2018/9/3 14:21:25, Inactive
104999, 1535984486, 2018/9/3 14:21:26, Inactive
105999, 1535984487, 2018/9/3 14:21:27, Inactive
106999, 1535984488, 2018/9/3 14:21:28, Inactive
107999, 1535984489, 2018/9/3 14:21:29, Inactive
108999, 1535984490, 2018/9/3 14:21:30, Inactive
110000, 1535984491, 2018/9/3 14:21:31, Inactive
110999, 1535984492, 2018/9/3 14:21:32, Inactive
112000, 1535984493, 2018/9/3 14:21:33, Inactive
112999, 1535984494, 2018/9/3 14:21:34, Inactive
113999, 1535984495, 2018/9/3 14:21:35, Inactive
114999, 1535984496, 2018/9/3 14:21:36, Inactive
115999, 1535984497, 2018/9/3 14:21:37, Inactive
116999, 1535984498, 2018/9/3 14:21:38, Inactive
117999, 1535984499, 2018/9/3 14:21:39, Inactive
118999, 1535984500, 2018/9/3 14:21:40, Inactive
119999, 1535984501, 2018/9/3 14:21:41, Inactive
120998, 1535984502, 2018/9/3 14:21:42, Inactive
121999, 1535984503, 2018/9/3 14:21:43, Inactive
122999, 1535984504, 2018/9/3 14:21:44, Active
123999, 1535984505, 2018/9/3 14:21:45, Active
124999, 1535984506, 2018/9/3 14:21:46, Active
126000, 1535984507, 2018/9/3 14:21:47, Active
126999, 1535984508, 2018/9/3 14:21:48, Active
127998, 1535984509, 2018/9/3 14:21:49, Active
128999, 1535984510, 2018/9/3 14:21:50, Active
129999, 1535984511, 2018/9/3 14:21:51, Active
130999, 1535984512, 2018/9/3 14:21:52, Inactive
131999, 1535984513, 2018/9/3 14:21:53, Inactive
132999, 1535984514, 2018/9/3 14:21:54, Inactive
134000, 1535984515, 2018/9/3 14:21:55, Inactive
134999, 1535984516, 2018/9/3 14:21:56, Inactive
135999, 1535984517, 2018/9/3 14:21:57, Inactive
136999, 1535984518, 2018/9/3 14:21:58, Active
137999, 1535984519, 2018/9/3 14:21:59, Active
138999, 1535984520, 2018/9/3 14:22:0, Active
139999, 1535984521, 2018/9/3 14:22:1, Active
140999, 1535984522, 2018/9/3 14:22:2, Active
142000, 1535984523, 2018/9/3 14:22:3, Active
142999, 1535984524, 2018/9/3 14:22:4, Active
144000, 1535984525, 2018/9/3 14:22:5, Inactive
144999, 1535984526, 2018/9/3 14:22:6, Inactive
145998, 1535984527, 2018/9/3 14:22:7, Inactive
146999, 1535984528, 2018/9/3 14:22:8, Inactive
147999, 1535984529, 2018/9/3 14:22:9, Inactive
148999, 1535984530, 2018/9/3 14:22:10, Inactive
149999, 1535984531, 2018/9/3 14:22:11, Inactive
150999, 1535984532, 2018/9/3 14:22:12, Inactive
151999, 1535984533, 2018/9/3 14:22:13, Inactive
152999, 1535984534, 2018/9/3 14:22:14, Active
153999, 1535984535, 2018/9/3 14:22:15, Active
154999, 1535984536, 2018/9/3 14:22:16, Active
155999, 1535984537, 2018/9/3 14:22:17, Active
156999, 1535984538, 2018/9/3 14:22:18, Active
158000, 1535984539, 2018/9/3 14:22:19, Active
158999, 1535984540, 2018/9/3 14:22:20, Active
160000, 1535984541, 2018/9/3 14:22:21, Active
160999, 1535984542, 2018/9/3 14:22:22, Active
161999, 1535984543, 2018/9/3 14:22:23, Inactive
162999, 1535984544, 2018/9/3 14:22:24, Inactive
163999, 1535984545, 2018/9/3 14:22:25, Inactive
164999, 1535984546, 2018/9/3 14:22:26, Inactive
165999, 1535984547, 2018/9/3 14:22:27, Inactive
166999, 1535984548, 2018/9/3 14:22:28, Inactive
167999, 1535984549, 2018/9/3 14:22:29, Inactive
168999, 1535984550, 2018/9/3 14:22:30, Inactive
169999, 1535984551, 2018/9/3 14:22:31, Inactive
170999, 1535984552, 2018/9/3 14:22:32, Inactive
171999, 1535984553, 2018/9/3 14:22:33, Inactive
172999, 1535984554, 2018/9/3 14:22:34, Inactive
174000, 1535984555, 2018/9/3 14:22:35, Inactive
174999, 1535984556, 2018/9/3 14:22:36, Inactive
176000, 1535984557, 2018/9/3 14:22:37, Inactive
176999, 1535984558, 2018/9/3 14:22:38, Inactive
177999, 1535984559, 2018/9/3 14:22:39, Inactive
178999, 1535984560, 2018/9/3 14:22:40, Inactive
179999, 1535984561, 2018/9/3 14:22:41, Active
180999, 1535984562, 2018/9/3 14:22:42, Active
181999, 1535984563, 2018/9/3 14:22:43, Active
182999, 1535984564, 2018/9/3 14:22:44, Active
183999, 1535984565, 2018/9/3 14:22:45, Active
184998, 1535984566, 2018/9/3 14:22:46, Active
185999, 1535984567, 2018/9/3 14:22:47, Active
186999, 1535984568, 2018/9/3 14:22:48, Active
187999, 1535984569, 2018/9/3 14:22:49, Inactive
188999, 1535984570, 2018/9/3 14:22:50, Inactive
190000, 1535984571, 2018/9/3 14:22:51, Inactive
190999, 1535984572, 2018/9/3 14:22:52, Inactive
191998, 1535984573, 2018/9/3 14:22:53, Inactive
192999, 1535984574, 2018/9/3 14:22:54, Inactive
193999, 1535984575, 2018/9/3 14:22:55, Inactive
195000, 1535984576, 2018/9/3 14:22:56, Inactive
195999, 1535984577, 2018/9/3 14:22:57, Inactive
196999, 1535984578, 2018/9/3 14:22:58, Inactive
197999, 1535984579, 2018/9/3 14:22:59, Inactive
198999, 1535984580, 2018/9/3 14:23:0, Inactive
199999, 1535984581, 2018/9/3 14:23:1, Inactive
200999, 1535984582, 2018/9/3 14:23:2, Inactive
201999, 1535984583, 2018/9/3 14:23:3, Inactive
202999, 1535984584, 2018/9/3 14:23:4, Inactive
203999, 1535984585, 2018/9/3 14:23:5, Inactive
204999, 1535984586, 2018/9/3 14:23:6, Inactive
206000, 1535984587, 2018/9/3 14:23:7, Inactive
206999, 1535984588, 2018/9/3 14:23:8, Inactive
208000, 1535984589, 2018/9/3 14:23:9, Inactive
209000, 1535984590, 2018/9/3 14:23:10, Inactive
209999, 1535984591, 2018/9/3 14:23:11, Inactive
210999, 1535984592, 2018/9/3 14:23:12, Inactive
211999, 1535984593, 2018/9/3 14:23:13, Inactive
212999, 1535984594, 2018/9/3 14:23:14, Inactive
213999, 1535984595, 2018/9/3 14:23:15, Inactive
214999, 1535984596, 2018/9/3 14:23:16, Inactive
215999, 1535984597, 2018/9/3 14:23:17, Inactive
216998, 1535984598, 2018/9/3 14:23:18, Inactive
217999, 1535984599, 2018/9/3 14:23:19, Inactive
218999, 1535984600, 2018/9/3 14:23:20, Inactive
219999, 1535984601, 2018/9/3 14:23:21, Inactive
220999, 1535984602, 2018/9/3 14:23:22, Inactive
222000, 1535984603, 2018/9/3 14:23:23, Inactive
223000, 1535984604, 2018/9/3 14:23:24, Inactive
223998, 1535984605, 2018/9/3 14:23:25, Inactive
224999, 1535984606, 2018/9/3 14:23:26, Inactive
225999, 1535984607, 2018/9/3 14:23:27, Inactive
226999, 1535984608, 2018/9/3 14:23:28, Inactive
227998, 1535984609, 2018/9/3 14:23:29, Inactive
228999, 1535984610, 2018/9/3 14:23:30, Inactive
229999, 1535984611, 2018/9/3 14:23:31, Inactive
230999, 1535984612, 2018/9/3 14:23:32, Inactive
231999, 1535984613, 2018/9/3 14:23:33, Inactive
232999, 1535984614, 2018/9/3 14:23:34, Inactive
233999, 1535984615, 2018/9/3 14:23:35, Inactive
234999, 1535984616, 2018/9/3 14:23:36, Inactive
235999, 1535984617, 2018/9/3 14:23:37, Inactive
236999, 1535984618, 2018/9/3 14:23:38, Inactive
238000, 1535984619, 2018/9/3 14:23:39, Inactive
238999, 1535984620, 2018/9/3 14:23:40, Inactive
240000, 1535984621, 2018/9/3 14:23:41, Inactive
240998, 1535984622, 2018/9/3 14:23:42, Inactive
241999, 1535984623, 2018/9/3 14:23:43, Inactive
242999, 1535984624, 2018/9/3 14:23:44, Inactive
243999, 1535984625, 2018/9/3 14:23:45, Inactive
244999, 1535984626, 2018/9/3 14:23:46, Inactive
245999, 1535984627, 2018/9/3 14:23:47, Inactive
246999, 1535984628, 2018/9/3 14:23:48, Inactive
247999, 1535984629, 2018/9/3 14:23:49, Inactive
248999, 1535984630, 2018/9/3 14:23:50, Inactive
249999, 1535984631, 2018/9/3 14:23:51, Inactive
250999, 1535984632, 2018/9/3 14:23:52, Inactive
251999, 1535984633, 2018/9/3 14:23:53, Inactive
252999, 1535984634, 2018/9/3 14:23:54, Inactive
253999, 1535984635, 2018/9/3 14:23:55, Inactive
254999, 1535984636, 2018/9/3 14:23:56, Inactive
256000, 1535984637, 2018/9/3 14:23:57, Inactive
256999, 1535984638, 2018/9/3 14:23:58, Inactive
257999, 1535984639, 2018/9/3 14:23:59, Inactive
258999, 1535984640, 2018/9/3 14:24:0, Inactive
259999, 1535984641, 2018/9/3 14:24:1, Inactive
260999, 1535984642, 2018/9/3 14:24:2, Inactive
261999, 1535984643, 2018/9/3 14:24:3, Inactive
262999, 1535984644, 2018/9/3 14:24:4, Inactive
263999, 1535984645, 2018/9/3 14:24:5, Inactive
264999, 1535984646, 2018/9/3 14:24:6, Inactive
265999, 1535984647, 2018/9/3 14:24:7, Inactive
266999, 1535984648, 2018/9/3 14:24:8, Inactive
267999, 1535984649, 2018/9/3 14:24:9, Inactive
268999, 1535984650, 2018/9/3 14:24:10, Inactive
269999, 1535984651, 2018/9/3 14:24:11, Inactive
270999, 1535984652, 2018/9/3 14:24:12, Inactive
272000, 1535984653, 2018/9/3 14:24:13, Inactive
272999, 1535984654, 2018/9/3 14:24:14, Inactive
273999, 1535984655, 2018/9/3 14:24:15, Inactive
274999, 1535984656, 2018/9/3 14:24:16, Inactive
275999, 1535984657, 2018/9/3 14:24:17, Inactive
276999, 1535984658, 2018/9/3 14:24:18, Active
277999, 1535984659, 2018/9/3 14:24:19, Active
278999, 1535984660, 2018/9/3 14:24:20, Active
279999, 1535984661, 2018/9/3 14:24:21, Active
280999, 1535984662, 2018/9/3 14:24:22, Active
281999, 1535984663, 2018/9/3 14:24:23, Active
282998, 1535984664, 2018/9/3 14:24:24, Active
283999, 1535984665, 2018/9/3 14:24:25, Active
284999, 1535984666, 2018/9/3 14:24:26, Inactive
285999, 1535984667, 2018/9/3 14:24:27, Inactive
286999, 1535984668, 2018/9/3 14:24:28, Inactive
288000, 1535984669, 2018/9/3 14:24:29, Inactive
289000, 1535984670, 2018/9/3 14:24:30, Inactive
289998, 1535984671, 2018/9/3 14:24:31, Inactive
290999, 1535984672, 2018/9/3 14:24:32, Inactive
291999, 1535984673, 2018/9/3 14:24:33, Inactive
292999, 1535984674, 2018/9/3 14:24:34, Inactive
293999, 1535984675, 2018/9/3 14:24:35, Inactive
294999, 1535984676, 2018/9/3 14:24:36, Active
295999, 1535984677, 2018/9/3 14:24:37, Active
296999, 1535984678, 2018/9/3 14:24:38, Active
297999, 1535984679, 2018/9/3 14:24:39, Active
298999, 1535984680, 2018/9/3 14:24:40, Active
299999, 1535984681, 2018/9/3 14:24:41, Active
300999, 1535984682, 2018/9/3 14:24:42, Active
301999, 1535984683, 2018/9/3 14:24:43, Active
302999, 1535984684, 2018/9/3 14:24:44, Inactive
304000, 1535984685, 2018/9/3 14:24:45, Inactive
304999, 1535984686, 2018/9/3 14:24:46, Inactive
305999, 1535984687, 2018/9/3 14:24:47, Active
306999, 1535984688, 2018/9/3 14:24:48, Active
